{
  "model_type": "RandomForest",
  "hyperparameters": {
    "n_estimators": 100,
    "max_depth": 20,
    "min_samples_split": 5,
    "min_samples_leaf": 2,
    "max_features": "sqrt"
  },
  "train_size": 6800,
  "validation_size": 1200,
  "test_size": 2000,
  "feature_count": 15,
  "target_classes": [
    "critical",
    "high",
    "low",
    "medium"
  ],
  "validation_metrics": {
    "accuracy": 0.9083333333333333,
    "precision": 0.9090761431438562,
    "recall": 0.9083333333333333,
    "f1_score": 0.9084403537776198,
    "confusion_matrix": [
      [
        108,
        19,
        0,
        0
      ],
      [
        13,
        320,
        0,
        15
      ],
      [
        0,
        0,
        327,
        22
      ],
      [
        0,
        27,
        14,
        335
      ]
    ]
  },
  "test_metrics": {
    "accuracy": 0.9025,
    "precision": 0.9039817612620112,
    "recall": 0.9025,
    "f1_score": 0.9024710301006204,
    "confusion_matrix": [
      [
        172,
        39,
        0,
        0
      ],
      [
        9,
        532,
        0,
        40
      ],
      [
        0,
        0,
        549,
        33
      ],
      [
        0,
        45,
        29,
        552
      ]
    ]
  },
  "feature_importance": {
    "origin_hub": 0.01619124464185959,
    "destination_hub": 0.016630720844814078,
    "distance_km": 0.02882369061503061,
    "duration_minutes": 0.027426949324605564,
    "road_type": 0.009871122208489165,
    "weather_condition": 0.062167294908150504,
    "traffic_level": 0.06089373016719685,
    "shipment_priority": 0.07816344241542149,
    "weight_kg": 0.02744748281734674,
    "departure_hour": 0.03707985859444498,
    "day_of_week": 0.014506120392712553,
    "historical_delay_minutes": 0.26876807216037196,
    "current_risk_level": 0.25631881209141016,
    "rerouted_before": 0.022893859071450126,
    "destination_delay_rate": 0.07281759974669559
  },
  "training_timestamp": "2026-06-28T02:50:20.647629",
  "model_version": "v1.0"
}