{
  "model_type": "RandomForest",
  "hyperparameters": {
    "n_estimators": 100,
    "max_depth": 20,
    "min_samples_split": 5,
    "min_samples_leaf": 2,
    "max_features": "sqrt"
  },
  "train_size": 6800,
  "validation_size": 1200,
  "test_size": 2000,
  "feature_count": 15,
  "target_classes": [
    "critical",
    "high",
    "low",
    "medium"
  ],
  "validation_metrics": {
    "accuracy": 0.9066666666666666,
    "precision": 0.907387802407463,
    "recall": 0.9066666666666666,
    "f1_score": 0.9065415684110391,
    "confusion_matrix": [
      [
        107,
        20,
        0,
        0
      ],
      [
        11,
        320,
        0,
        17
      ],
      [
        0,
        0,
        333,
        16
      ],
      [
        0,
        30,
        18,
        328
      ]
    ]
  },
  "test_metrics": {
    "accuracy": 0.8975,
    "precision": 0.8991077496681258,
    "recall": 0.8975,
    "f1_score": 0.8973684030356325,
    "confusion_matrix": [
      [
        174,
        37,
        0,
        0
      ],
      [
        7,
        535,
        0,
        39
      ],
      [
        0,
        0,
        549,
        33
      ],
      [
        0,
        52,
        37,
        537
      ]
    ]
  },
  "feature_importance": {
    "origin_hub": 0.01675207041179979,
    "destination_hub": 0.01723780524931785,
    "distance_km": 0.028979311090452094,
    "duration_minutes": 0.028431090195619423,
    "road_type": 0.009982609115252256,
    "weather_condition": 0.058819157329562034,
    "traffic_level": 0.0545936746859496,
    "shipment_priority": 0.08053014985322898,
    "weight_kg": 0.028872253729145387,
    "departure_hour": 0.039956156544469955,
    "day_of_week": 0.014185656959225993,
    "historical_delay_minutes": 0.30031657273337714,
    "current_risk_level": 0.22891320440774457,
    "rerouted_before": 0.021037747633830345,
    "destination_delay_rate": 0.07139254006102459
  },
  "training_timestamp": "2026-06-27T03:02:09.046491",
  "model_version": "v1.0"
}