{
  "model_type": "RandomForest",
  "hyperparameters": {
    "n_estimators": 100,
    "max_depth": 20,
    "min_samples_split": 5,
    "min_samples_leaf": 2,
    "max_features": "sqrt"
  },
  "train_size": 6800,
  "validation_size": 1200,
  "test_size": 2000,
  "feature_count": 15,
  "target_classes": [
    "critical",
    "high",
    "low",
    "medium"
  ],
  "validation_metrics": {
    "accuracy": 0.9108333333333334,
    "precision": 0.911591295929795,
    "recall": 0.9108333333333334,
    "f1_score": 0.9108170624682785,
    "confusion_matrix": [
      [
        107,
        20,
        0,
        0
      ],
      [
        9,
        320,
        0,
        19
      ],
      [
        0,
        0,
        332,
        17
      ],
      [
        0,
        27,
        15,
        334
      ]
    ]
  },
  "test_metrics": {
    "accuracy": 0.9025,
    "precision": 0.9038143955918779,
    "recall": 0.9025,
    "f1_score": 0.9023383094530762,
    "confusion_matrix": [
      [
        172,
        39,
        0,
        0
      ],
      [
        10,
        536,
        0,
        35
      ],
      [
        0,
        0,
        550,
        32
      ],
      [
        0,
        46,
        33,
        547
      ]
    ]
  },
  "feature_importance": {
    "origin_hub": 0.016784926157711308,
    "destination_hub": 0.017112228722166212,
    "distance_km": 0.029085312620888894,
    "duration_minutes": 0.028356710524187506,
    "road_type": 0.01040149892613791,
    "weather_condition": 0.06469101088159776,
    "traffic_level": 0.05995957609264018,
    "shipment_priority": 0.07815814638898978,
    "weight_kg": 0.028697118910777124,
    "departure_hour": 0.03882314124882425,
    "day_of_week": 0.015070954723781118,
    "historical_delay_minutes": 0.2759255321938793,
    "current_risk_level": 0.24524888985371052,
    "rerouted_before": 0.022264027753318424,
    "destination_delay_rate": 0.06942092500138973
  },
  "training_timestamp": "2026-06-28T01:35:15.578287",
  "model_version": "v1.0"
}